<?xml version="1.0" encoding="UTF-8" ?>
<!DOCTYPE mapper
      PUBLIC "-//mybatis.org//DTD Mapper 3.0//EN"
   "http://mybatis.org/dtd/mybatis-3-mapper.dtd">

<mapper namespace="mapper.book">

	<resultMap id="bookMap" type="bookCopyVO">
		<id property="bookSeq" column="book_seq"/>
		<result property="isbn" column="book_isbn"/>
		<result property="title" column="book_title"/>
		<result property="author" column="book_author"/>
		<result property="publishDate" column="book_published_date"/>
		<result property="bookPosition" column="book_position"/>
		<result property="bookStaus" column="book_status"/>
		<result property="bookImage" column="book_image"/>
	</resultMap>
	
	<select id="selectAllBook" resultMap="bookMap" resultType="bookCopyVO">
      <![CDATA[
        select a.*, b.* from book_info a inner join book_copy b on a.book_isbn=b.book_isbn order by b.book_seq desc
      ]]>
	</select>
	
	<select id="selectRangeBook" resultMap="bookMap" resultType="bookCopyVO" parameterType="java.util.Map">
      <![CDATA[
        select a.*, b.* from book_info a inner join book_copy b on a.book_isbn=b.book_isbn order by b.book_seq desc limit #{start}, #{end}
      ]]>
	</select>
	
	<select id="selectCount"  resultType="java.lang.Integer">
      <![CDATA[
        select count(*) from book_info a inner join book_copy b on a.book_isbn=b.book_isbn
      ]]>
	</select>
	
	<select id="selectBookBySeq" resultMap="bookMap" resultType="bookCopyVO" 
														parameterType="java.lang.Integer">
      <![CDATA[
        select a.*, b.* from book_info a inner join book_copy b on a.book_isbn=b.book_isbn where b.book_seq = #{bookSeq}
      ]]>
	</select>
	<select id="deleteBook" parameterType="java.lang.Integer">
      <![CDATA[
        delete from book_copy where book_seq = #{seq}
      ]]>
	</select> 
	<select id="updateBook" parameterType="bookCopyVO">
      <![CDATA[
        update book_info set book_title = #{title}, book_author=#{author}, book_published_date = #{publishDate} where book_isbn = #{isbn}
      ]]>
	</select>
	<select id="insertBook" parameterType="bookCopyVO">
      <![CDATA[
      	insert into book_info values (#{isbn},#{title},#{author},#{publishDate})
      ]]>
	</select>
	<select id="insertCopy" parameterType="java.util.Map">
      <![CDATA[
      	insert into book_copy(book_isbn,book_image) values (#{isbn},#{image})
      ]]>
	</select>

	
</mapper>







